{
  "flights": {
    "flight": {
      "price": 750.0,
      "flightCode": "A134DS",
      "availableSeats": 50,
      "planeType": null,
      "departureDate": "Apr 11, 2018",
      "origination": "MUA",
      "airlineName": "Delta",
      "destination": {
        "airportCode": "LAX",
        "airportName": "Los Angeles International Airport",
        "city": "Los Angeles",
        "country": "United States",
        "IATA": "LAX",
        "ICAO": "KLAX",
        "longitude": "33.94250107",
        "latitude": "-118.4079971",
        "altitude": "125",
        "timeZone": "-8",
        "DST": "A",
        "timeZone": "America/Los_Angeles"
      }
    },
    "flight": {
      "price": 496.0,
      "flightCode": "A1QWER",
      "availableSeats": 18,
      "planeType": "BOEING 747",
      "departureDate": "Aug 11, 2018",
      "origination": "MUA",
      "airlineName": "Delta",
      "destination": {
        "airportCode": "LAX",
        "airportName": "Los Angeles International Airport",
        "city": "Los Angeles",
        "country": "United States",
        "IATA": "LAX",
        "ICAO": "KLAX",
        "longitude": "33.94250107",
        "latitude": "-118.4079971",
        "altitude": "125",
        "timeZone": "-8",
        "DST": "A",
        "timeZone": "America/Los_Angeles"
      }
    },
    "flight": {
      "price": 199.99,
      "flightCode": "A1B2C4",
      "availableSeats": 10,
      "planeType": "BOEING 737",
      "departureDate": "Feb 11, 2018",
      "origination": "MUA",
      "airlineName": "Delta",
      "destination": {
        "airportCode": "LAX",
        "airportName": "Los Angeles International Airport",
        "city": "Los Angeles",
        "country": "United States",
        "IATA": "LAX",
        "ICAO": "KLAX",
        "longitude": "33.94250107",
        "latitude": "-118.4079971",
        "altitude": "125",
        "timeZone": "-8",
        "DST": "A",
        "timeZone": "America/Los_Angeles"
      }
    },
    "flight": {
      "price": 300.0,
      "flightCode": "ffee0192",
      "availableSeats": 0,
      "planeType": "Boeing 777",
      "departureDate": "2018-01-20T00:00:00",
      "origination": "MUA",
      "airlineName": "american",
      "destination": {
        "airportCode": "LAX",
        "airportName": "Los Angeles International Airport",
        "city": "Los Angeles",
        "country": "United States",
        "IATA": "LAX",
        "ICAO": "KLAX",
        "longitude": "33.94250107",
        "latitude": "-118.4079971",
        "altitude": "125",
        "timeZone": "-8",
        "DST": "A",
        "timeZone": "America/Los_Angeles"
      }
    },
    "flight": {
      "price": 541.0,
      "flightCode": "rree0001",
      "availableSeats": 0,
      "planeType": "Boeing 787",
      "departureDate": "2018-01-20T00:00:00",
      "origination": "MUA",
      "airlineName": "american",
      "destination": {
        "airportCode": "LAX",
        "airportName": "Los Angeles International Airport",
        "city": "Los Angeles",
        "country": "United States",
        "IATA": "LAX",
        "ICAO": "KLAX",
        "longitude": "33.94250107",
        "latitude": "-118.4079971",
        "altitude": "125",
        "timeZone": "-8",
        "DST": "A",
        "timeZone": "America/Los_Angeles"
      }
    },
    "flight": {
      "price": 900.0,
      "flightCode": "eefd4511",
      "availableSeats": 100,
      "planeType": "Boeing 777",
      "departureDate": "2018-01-15T00:00:00",
      "origination": "MUA",
      "airlineName": "american",
      "destination": {
        "airportCode": "LAX",
        "airportName": "Los Angeles International Airport",
        "city": "Los Angeles",
        "country": "United States",
        "IATA": "LAX",
        "ICAO": "KLAX",
        "longitude": "33.94250107",
        "latitude": "-118.4079971",
        "altitude": "125",
        "timeZone": "-8",
        "DST": "A",
        "timeZone": "America/Los_Angeles"
      }
    },
    "flight": {
      "airlineName": "United",
      "availableSeats": 52,
      "departureDate": "2018/02/11",
      "destination": {
        "airportCode": "LAX",
        "airportName": "Los Angeles International Airport",
        "city": "Los Angeles",
        "country": "United States",
        "IATA": "LAX",
        "ICAO": "KLAX",
        "longitude": "33.94250107",
        "latitude": "-118.4079971",
        "altitude": "125",
        "timeZone": "-8",
        "DST": "A",
        "timeZone": "America/Los_Angeles"
      },
      "flightCode": "ER45if",
      "origination": "MUA",
      "planeType": "Boeing 737",
      "price": 345.99
    },
    "flight": {
      "airlineName": "United",
      "availableSeats": 12,
      "departureDate": "2018/04/11",
      "destination": {
        "airportCode": "LAX",
        "airportName": "Los Angeles International Airport",
        "city": "Los Angeles",
        "country": "United States",
        "IATA": "LAX",
        "ICAO": "KLAX",
        "longitude": "33.94250107",
        "latitude": "-118.4079971",
        "altitude": "125",
        "timeZone": "-8",
        "DST": "A",
        "timeZone": "America/Los_Angeles"
      },
      "flightCode": "ER45jd",
      "origination": "MUA",
      "planeType": "Boeing 777",
      "price": 346
    },
    "flight": {
      "airlineName": "United",
      "availableSeats": 0,
      "departureDate": "2018/06/11",
      "destination": {
        "airportCode": "LAX",
        "airportName": "Los Angeles International Airport",
        "city": "Los Angeles",
        "country": "United States",
        "IATA": "LAX",
        "ICAO": "KLAX",
        "longitude": "33.94250107",
        "latitude": "-118.4079971",
        "altitude": "125",
        "timeZone": "-8",
        "DST": "A",
        "timeZone": "America/Los_Angeles"
      },
      "flightCode": "ER0945",
      "origination": "MUA",
      "planeType": "Boeing 707",
      "price": 423
    }
  }
}