{
  "flights": [
    {
      "airlineName": "Delta",
      "availableSeats": 40,
      "departureDate": "Apr 11, 2018",
      "destination": "LAX",
      "flightCode": "A134DS",
      "origination": "MUA",
      "planeType": "BOEING 777",
      "price": "750.00"
    },
    {
      "airlineName": "Delta",
      "availableSeats": 18,
      "departureDate": "Aug 11, 2018",
      "destination": "LAX",
      "flightCode": "A1QWER",
      "origination": "MUA",
      "planeType": "BOEING 747",
      "price": "496.00"
    },
    {
      "airlineName": "Delta",
      "availableSeats": 10,
      "departureDate": "Feb 11, 2018",
      "destination": "LAX",
      "flightCode": "A1B2C4",
      "origination": "MUA",
      "planeType": "BOEING 737",
      "price": "199.99"
    },
    {
      "flightCode": "rree0001",
      "availableSeats": 0,
      "destination": "LAX",
      "planeType": "Boeing 787",
      "price": 541.0,
      "origination": "MUA",
      "departureDate": "2016-01-20T00:00:00",
      "airlineName": "american"
    },
    {
      "flightCode": "ffee0192",
      "availableSeats": 0,
      "destination": "LAX",
      "planeType": "Boeing 777",
      "price": 300.0,
      "origination": "MUA",
      "departureDate": "2016-01-20T00:00:00",
      "airlineName": "american"
    },
    {
      "flightCode": "eefd4511",
      "availableSeats": 100,
      "destination": "LAX",
      "planeType": "Boeing 777",
      "price": 900.0,
      "origination": "MUA",
      "departureDate": "2016-01-15T00:00:00",
      "airlineName": "american"
    },
    {
      "airlineName": "United",
      "availableSeats": 52,
      "departureDate": "2015/02/11",
      "destination": "LAX",
      "flightCode": "ER45if",
      "origination": "MUA",
      "planeType": "Boeing 737",
      "price": 345.99
    },
    {
      "airlineName": "United",
      "availableSeats": 12,
      "departureDate": "2015/04/11",
      "destination": "LAX",
      "flightCode": "ER45jd",
      "origination": "MUA",
      "planeType": "Boeing 777",
      "price": 346
    },
    {
      "airlineName": "United",
      "availableSeats": 0,
      "departureDate": "2015/06/11",
      "destination": "LAX",
      "flightCode": "ER0945",
      "origination": "MUA",
      "planeType": "Boeing 707",
      "price": 423
    }
  ]
}