[
  {
    "price": 400.0,
    "flightCode": "A1B2C3",
    "availableSeats": 40,
    "planeType": "BOEING 737",
    "departureDate": "Mar 20, 2018",
    "origination": "MUA",
    "airlineName": "Delta",
    "destination": "SFO"
  },
  {
    "price": 593.0,
    "flightCode": "A1BTT4",
    "availableSeats": 30,
    "planeType": "BOEING 777",
    "departureDate": "Feb 12, 2018",
    "origination": "MUA",
    "airlineName": "Delta",
    "destination": "SFO"
  },
  {
    "price": 294.0,
    "flightCode": "A14244",
    "availableSeats": 10,
    "planeType": "BOEING 787",
    "departureDate": "Feb 12, 2018",
    "origination": "MUA",
    "airlineName": "Delta",
    "destination": "SFO"
  },
  {
    "price": 900.0,
    "flightCode": "eefd3000",
    "availableSeats": 0,
    "planeType": "Boeing 737",
    "departureDate": "2018-02-01T00:00:00",
    "origination": "MUA",
    "airlineName": "american",
    "destination": "SFO"
  },
  {
    "price": 676.0,
    "flightCode": "eefd1994",
    "availableSeats": 0,
    "planeType": "Boeing 777",
    "departureDate": "2018-01-01T00:00:00",
    "origination": "MUA",
    "airlineName": "american",
    "destination": "SFO"
  },
  {
    "price": 142.0,
    "flightCode": "rree1093",
    "availableSeats": 1,
    "planeType": "Boeing 737",
    "departureDate": "2018-02-11T00:00:00",
    "origination": "MUA",
    "airlineName": "american",
    "destination": "SFO"
  },
  {
    "price": 300.0,
    "flightCode": "ffee2000",
    "availableSeats": 30,
    "planeType": "Boeing 737",
    "departureDate": "2018-02-20T00:00:00",
    "origination": "MUA",
    "airlineName": "american",
    "destination": "SFO"
  },
  {
    "price": 456.0,
    "flightCode": "rree4567",
    "availableSeats": 100,
    "planeType": "Boeing 737",
    "departureDate": "2018-01-20T00:00:00",
    "origination": "MUA",
    "airlineName": "american",
    "destination": "SFO"
  },
  {
    "airlineName": "United",
    "availableSeats": 54,
    "departureDate": "2018/09/11",
    "destination": "SFO",
    "flightCode": "ER39rk",
    "origination": "MUA",
    "planeType": "Boeing 757",
    "price": 945
  },
  {
    "airlineName": "United",
    "availableSeats": 23,
    "departureDate": "2018/02/12",
    "destination": "SFO",
    "flightCode": "ER39rj",
    "origination": "MUA",
    "planeType": "Boeing 777",
    "price": 954
  },
  {
    "airlineName": "United",
    "availableSeats": 0,
    "departureDate": "2018/03/20",
    "destination": "SFO",
    "flightCode": "ER38sd",
    "origination": "MUA",
    "planeType": "Boeing 737",
    "price": 400
  }
]