{
  "0": {
    "exceptionPayload": null,
    "inboundAttachmentNames": [
      
    ],
    "outboundPropertyNames": [
      
    ],
    "inboundPropertyNames": [
      
    ],
    "attributes": {
      "clientCertificate": null,
      "listenerPath": "/flights",
      "requestPath": "/flights",
      "queryString": "code=SFO&airline=all",
      "remoteAddress": "/127.0.0.1:61252",
      "method": "GET",
      "scheme": "http",
      "relativePath": "/flights",
      "requestUri": "/flights?code=SFO&airline=all",
      "localAddress": "localhost/127.0.0.1:8081",
      "uriParams": {
        
      },
      "queryParams": {
        "code": "SFO",
        "airline": "all"
      },
      "headers": {
        "host": "localhost:8081",
        "connection": "keep-alive",
        "upgrade-insecure-requests": "1",
        "user-agent": "Mozilla/5.0 (Macintosh; Intel Mac OS X 10_13_6) AppleWebKit/537.36 (KHTML, like Gecko) Chrome/71.0.3578.98 Safari/537.36",
        "accept": "text/html,application/xhtml+xml,application/xml;q=0.9,image/webp,image/apng,*/*;q=0.8",
        "accept-encoding": "gzip, deflate, br",
        "accept-language": "en-US,en;q=0.9",
        "cookie": "username-localhost-8888=\"2|1:0|10:1546922286|23:username-localhost-8888|44:NGQwYjI2ZTcwMTcyNGI4ZGEwZWRlYzZhNzQ2NmNiMGM=|18d05d8d17831708b522556e239113e4f1cfa22d4025ea2d640d7159b49c2aa6\"; _xsrf=2|ee2cf2ac|dee0469ac077ff09840d46bd97767239|1546922286; username-localhost-8889=\"2|1:0|10:1547145765|23:username-localhost-8889|44:NjI5OTgzMTgwOTk2NDZkNGI1OWQ2MjdkODNhNDUxMjY=|74bcae03b2bfc7d008a840776ebbfba2213a8d612a3aad8e16031b318d931ffe\""
      },
      "version": "HTTP/1.1"
    },
    "outboundAttachmentNames": [
      
    ],
    "payload": {
      "flights": [
        {
          "price": 400.0,
          "flightCode": "A1B2C3",
          "availableSeats": 40,
          "planeType": "BOEING 737",
          "departureDate": "Mar 20, 2018",
          "origination": "MUA",
          "airlineName": "Delta",
          "destination": "SFO"
        },
        {
          "price": 593.0,
          "flightCode": "A1BTT4",
          "availableSeats": 30,
          "planeType": "BOEING 777",
          "departureDate": "Feb 12, 2018",
          "origination": "MUA",
          "airlineName": "Delta",
          "destination": "SFO"
        },
        {
          "price": 294.0,
          "flightCode": "A14244",
          "availableSeats": 10,
          "planeType": "BOEING 787",
          "departureDate": "Feb 12, 2018",
          "origination": "MUA",
          "airlineName": "Delta",
          "destination": "SFO"
        }
      ]
    }
  },
  "1": {
    "exceptionPayload": null,
    "inboundAttachmentNames": [
      
    ],
    "outboundPropertyNames": [
      
    ],
    "inboundPropertyNames": [
      
    ],
    "attributes": {
      "clientCertificate": null,
      "listenerPath": "/flights",
      "requestPath": "/flights",
      "queryString": "code=SFO&airline=all",
      "remoteAddress": "/127.0.0.1:61252",
      "method": "GET",
      "scheme": "http",
      "relativePath": "/flights",
      "requestUri": "/flights?code=SFO&airline=all",
      "localAddress": "localhost/127.0.0.1:8081",
      "uriParams": {
        
      },
      "queryParams": {
        "code": "SFO",
        "airline": "all"
      },
      "headers": {
        "host": "localhost:8081",
        "connection": "keep-alive",
        "upgrade-insecure-requests": "1",
        "user-agent": "Mozilla/5.0 (Macintosh; Intel Mac OS X 10_13_6) AppleWebKit/537.36 (KHTML, like Gecko) Chrome/71.0.3578.98 Safari/537.36",
        "accept": "text/html,application/xhtml+xml,application/xml;q=0.9,image/webp,image/apng,*/*;q=0.8",
        "accept-encoding": "gzip, deflate, br",
        "accept-language": "en-US,en;q=0.9",
        "cookie": "username-localhost-8888=\"2|1:0|10:1546922286|23:username-localhost-8888|44:NGQwYjI2ZTcwMTcyNGI4ZGEwZWRlYzZhNzQ2NmNiMGM=|18d05d8d17831708b522556e239113e4f1cfa22d4025ea2d640d7159b49c2aa6\"; _xsrf=2|ee2cf2ac|dee0469ac077ff09840d46bd97767239|1546922286; username-localhost-8889=\"2|1:0|10:1547145765|23:username-localhost-8889|44:NjI5OTgzMTgwOTk2NDZkNGI1OWQ2MjdkODNhNDUxMjY=|74bcae03b2bfc7d008a840776ebbfba2213a8d612a3aad8e16031b318d931ffe\""
      },
      "version": "HTTP/1.1"
    },
    "outboundAttachmentNames": [
      
    ],
    "payload": {
      "flights": [
        {
          "price": 900.0,
          "flightCode": "eefd3000",
          "availableSeats": 0,
          "planeType": "Boeing 737",
          "departureDate": "2018-02-01T00:00:00",
          "origination": "MUA",
          "airlineName": "american",
          "destination": "SFO"
        },
        {
          "price": 676.0,
          "flightCode": "eefd1994",
          "availableSeats": 0,
          "planeType": "Boeing 777",
          "departureDate": "2018-01-01T00:00:00",
          "origination": "MUA",
          "airlineName": "american",
          "destination": "SFO"
        },
        {
          "price": 142.0,
          "flightCode": "rree1093",
          "availableSeats": 1,
          "planeType": "Boeing 737",
          "departureDate": "2018-02-11T00:00:00",
          "origination": "MUA",
          "airlineName": "american",
          "destination": "SFO"
        },
        {
          "price": 300.0,
          "flightCode": "ffee2000",
          "availableSeats": 30,
          "planeType": "Boeing 737",
          "departureDate": "2018-02-20T00:00:00",
          "origination": "MUA",
          "airlineName": "american",
          "destination": "SFO"
        },
        {
          "price": 456.0,
          "flightCode": "rree4567",
          "availableSeats": 100,
          "planeType": "Boeing 737",
          "departureDate": "2018-01-20T00:00:00",
          "origination": "MUA",
          "airlineName": "american",
          "destination": "SFO"
        }
      ]
    }
  },
  "2": {
    "exceptionPayload": null,
    "inboundAttachmentNames": [
      
    ],
    "outboundPropertyNames": [
      
    ],
    "inboundPropertyNames": [
      
    ],
    "attributes": {
      "clientCertificate": null,
      "listenerPath": "/flights",
      "requestPath": "/flights",
      "queryString": "code=SFO&airline=all",
      "remoteAddress": "/127.0.0.1:61252",
      "method": "GET",
      "scheme": "http",
      "relativePath": "/flights",
      "requestUri": "/flights?code=SFO&airline=all",
      "localAddress": "localhost/127.0.0.1:8081",
      "uriParams": {
        
      },
      "queryParams": {
        "code": "SFO",
        "airline": "all"
      },
      "headers": {
        "host": "localhost:8081",
        "connection": "keep-alive",
        "upgrade-insecure-requests": "1",
        "user-agent": "Mozilla/5.0 (Macintosh; Intel Mac OS X 10_13_6) AppleWebKit/537.36 (KHTML, like Gecko) Chrome/71.0.3578.98 Safari/537.36",
        "accept": "text/html,application/xhtml+xml,application/xml;q=0.9,image/webp,image/apng,*/*;q=0.8",
        "accept-encoding": "gzip, deflate, br",
        "accept-language": "en-US,en;q=0.9",
        "cookie": "username-localhost-8888=\"2|1:0|10:1546922286|23:username-localhost-8888|44:NGQwYjI2ZTcwMTcyNGI4ZGEwZWRlYzZhNzQ2NmNiMGM=|18d05d8d17831708b522556e239113e4f1cfa22d4025ea2d640d7159b49c2aa6\"; _xsrf=2|ee2cf2ac|dee0469ac077ff09840d46bd97767239|1546922286; username-localhost-8889=\"2|1:0|10:1547145765|23:username-localhost-8889|44:NjI5OTgzMTgwOTk2NDZkNGI1OWQ2MjdkODNhNDUxMjY=|74bcae03b2bfc7d008a840776ebbfba2213a8d612a3aad8e16031b318d931ffe\""
      },
      "version": "HTTP/1.1"
    },
    "outboundAttachmentNames": [
      
    ],
    "payload": {
      "flights": [
        {
          "airlineName": "United",
          "availableSeats": 54,
          "departureDate": "2018/09/11",
          "destination": "SFO",
          "flightCode": "ER39rk",
          "origination": "MUA",
          "planeType": "Boeing 757",
          "price": 945
        },
        {
          "airlineName": "United",
          "availableSeats": 23,
          "departureDate": "2018/02/12",
          "destination": "SFO",
          "flightCode": "ER39rj",
          "origination": "MUA",
          "planeType": "Boeing 777",
          "price": 954
        },
        {
          "airlineName": "United",
          "availableSeats": 0,
          "departureDate": "2018/03/20",
          "destination": "SFO",
          "flightCode": "ER38sd",
          "origination": "MUA",
          "planeType": "Boeing 737",
          "price": 400
        }
      ]
    }
  }
}