<?xml version='1.0' encoding='UTF-8'?>
<types:mule xmlns:types="http://www.mulesoft.org/schema/mule/types">
  <types:catalog>
    <types:type name="flightsWithDetails" format="xml">
      <types:example format="xml" element="flights" location="examples/flightsWithDetails.xml"/>
    </types:type>
    <types:type name="reservations" format="xml">
      <types:example format="xml" element="reservations" location="examples/reservations.xml"/>
    </types:type>
    <types:type name="formattedReservations" format="xml">
      <types:example format="xml" element="reservations" location="examples/formattedReservations.xml"/>
    </types:type>
    <types:type name="destination" format="java">
      <types:shape format="raml"><![CDATA[#%RAML 1.0 DataType
type: string]]></types:shape>
    </types:type>
    <types:type name="code" format="java">
      <types:shape format="raml"><![CDATA[#%RAML 1.0 DataType
type: string]]></types:shape>
    </types:type>
    <types:type name="tryAndFailTestAttributes" format="java">
      <types:shape format="raml"><![CDATA[#%RAML 1.0 DataType
type: string]]></types:shape>
    </types:type>
    <types:type name="auto_3a168865-95f3-4de7-88fc-2c23cae436cf_Input-Payload" format="java">
      <types:shape format="weave" example="weave/autogenerated/3a168865-95f3-4de7-88fc-2c23cae436cf/Input-Payload.wev" autogeneratedOrigin="ce3203a9-f343-4926-9f87-a94a6c96e453"><![CDATA[%dw 2.0

type auto_3a168865_95f3_4de7_88fc_2c23cae436cf_Input_Payload = Any

]]></types:shape>
    </types:type>
    <types:type name="auto_3a168865-95f3-4de7-88fc-2c23cae436cf_Input-Attributes" format="java">
      <types:shape format="weave" example="weave/autogenerated/3a168865-95f3-4de7-88fc-2c23cae436cf/Input-Attributes.wev" autogeneratedOrigin="ce3203a9-f343-4926-9f87-a94a6c96e453"><![CDATA[%dw 2.0

type auto_3a168865_95f3_4de7_88fc_2c23cae436cf_Input_Attributes = org_mule_extension_http_api_HttpResponseAttributes | Null
type org_mule_extension_http_api_HttpResponseAttributes = {|
  statusCode: Number, 
  reasonPhrase: String, 
  headers: { _?: String }
|} {"typeAlias": "HttpResponseAttributes",
"typeId": "org.mule.extension.http.api.HttpResponseAttributes"}



]]></types:shape>
    </types:type>
    <types:type name="auto_3a168865-95f3-4de7-88fc-2c23cae436cf_Input-Variables-allDeltaFlights" format="json">
      <types:shape format="weave" example="weave/autogenerated/3a168865-95f3-4de7-88fc-2c23cae436cf/Input-Variables-allDeltaFlights.wev" autogeneratedOrigin="ce3203a9-f343-4926-9f87-a94a6c96e453"><![CDATA[%dw 2.0

type auto_3a168865_95f3_4de7_88fc_2c23cae436cf_Input_Variables_allDeltaFlights = Any

]]></types:shape>
    </types:type>
    <types:type name="auto_3a168865-95f3-4de7-88fc-2c23cae436cf_Input-Variables-allUnitedFlights" format="json">
      <types:shape format="weave" example="weave/autogenerated/3a168865-95f3-4de7-88fc-2c23cae436cf/Input-Variables-allUnitedFlights.wev" autogeneratedOrigin="ce3203a9-f343-4926-9f87-a94a6c96e453"><![CDATA[%dw 2.0

type auto_3a168865_95f3_4de7_88fc_2c23cae436cf_Input_Variables_allUnitedFlights = Any

]]></types:shape>
    </types:type>
    <types:type name="auto_3a168865-95f3-4de7-88fc-2c23cae436cf_Input-Variables-unitedRestResponseToAllDestinations" format="json">
      <types:shape format="weave" example="weave/autogenerated/3a168865-95f3-4de7-88fc-2c23cae436cf/Input-Variables-unitedRestResponseToAllDestinations.wev" autogeneratedOrigin="ce3203a9-f343-4926-9f87-a94a6c96e453"><![CDATA[%dw 2.0

type auto_3a168865_95f3_4de7_88fc_2c23cae436cf_Input_Variables_unitedRestResponseToAllDestinations = {|
  flights: Array<{|    code: String,     price: Number,     origin: String,     destination: String,     departureDate: String,     planeType: String,     airlineName: String,     emptySeats: Number  |}>
|}

]]></types:shape>
    </types:type>
    <types:type name="auto_3a168865-95f3-4de7-88fc-2c23cae436cf_Input-Variables-allAmericanFlights" format="json">
      <types:shape format="weave" example="weave/autogenerated/3a168865-95f3-4de7-88fc-2c23cae436cf/Input-Variables-allAmericanFlights.wev" autogeneratedOrigin="ce3203a9-f343-4926-9f87-a94a6c96e453"><![CDATA[%dw 2.0

type auto_3a168865_95f3_4de7_88fc_2c23cae436cf_Input_Variables_allAmericanFlights = Any

]]></types:shape>
    </types:type>
    <types:type name="auto_3a168865-95f3-4de7-88fc-2c23cae436cf_Input-Variables-allPdxFlights" format="json">
      <types:shape format="weave" example="weave/autogenerated/3a168865-95f3-4de7-88fc-2c23cae436cf/Input-Variables-allPdxFlights.wev" autogeneratedOrigin="ce3203a9-f343-4926-9f87-a94a6c96e453"><![CDATA[%dw 2.0

type auto_3a168865_95f3_4de7_88fc_2c23cae436cf_Input_Variables_allPdxFlights = Array<{|  flightCode: String,   availableSeats: Number,   destination: String,   planeType: String,   origination: String,   price: Number,   departureDate: String,   airlineName: String|}>

]]></types:shape>
    </types:type>
    <types:type name="auto_3a168865-95f3-4de7-88fc-2c23cae436cf_Input-Variables-allSfoFlights" format="json">
      <types:shape format="weave" example="weave/autogenerated/3a168865-95f3-4de7-88fc-2c23cae436cf/Input-Variables-allSfoFlights.wev" autogeneratedOrigin="ce3203a9-f343-4926-9f87-a94a6c96e453"><![CDATA[%dw 2.0

type auto_3a168865_95f3_4de7_88fc_2c23cae436cf_Input_Variables_allSfoFlights = Array<{|  flightCode: String,   availableSeats: Number,   destination: String,   planeType: String,   origination: String,   price: Number,   departureDate: String,   airlineName: String|}>

]]></types:shape>
    </types:type>
    <types:type name="auto_3a168865-95f3-4de7-88fc-2c23cae436cf_Input-Variables-americanRestResponsesToAllDestinations" format="json">
      <types:shape format="weave" example="weave/autogenerated/3a168865-95f3-4de7-88fc-2c23cae436cf/Input-Variables-americanRestResponsesToAllDestinations.wev" autogeneratedOrigin="ce3203a9-f343-4926-9f87-a94a6c96e453"><![CDATA[%dw 2.0

type auto_3a168865_95f3_4de7_88fc_2c23cae436cf_Input_Variables_americanRestResponsesToAllDestinations = Array<{|  ID: Number,   code: String,   price: Number,   departureDate: String,   origin: String,   destination: String,   emptySeats: Number,   plane: {|    "type": String,     totalSeats: Number  |}|}>

]]></types:shape>
    </types:type>
    <types:type name="auto_3a168865-95f3-4de7-88fc-2c23cae436cf_Input-Variables-allCleFlights" format="json">
      <types:shape format="weave" example="weave/autogenerated/3a168865-95f3-4de7-88fc-2c23cae436cf/Input-Variables-allCleFlights.wev" autogeneratedOrigin="ce3203a9-f343-4926-9f87-a94a6c96e453"><![CDATA[%dw 2.0

type auto_3a168865_95f3_4de7_88fc_2c23cae436cf_Input_Variables_allCleFlights = Array<{|  flightCode: String,   availableSeats: Number,   destination: String,   planeType: String,   origination: String,   price: Number,   departureDate: String,   airlineName: String|}>

]]></types:shape>
    </types:type>
    <types:type name="auto_3a168865-95f3-4de7-88fc-2c23cae436cf_Input-Variables-allLaxFlights" format="json">
      <types:shape format="weave" example="weave/autogenerated/3a168865-95f3-4de7-88fc-2c23cae436cf/Input-Variables-allLaxFlights.wev" autogeneratedOrigin="ce3203a9-f343-4926-9f87-a94a6c96e453"><![CDATA[%dw 2.0

type auto_3a168865_95f3_4de7_88fc_2c23cae436cf_Input_Variables_allLaxFlights = Array<{|  flightCode: String,   availableSeats: Number,   destination: String,   planeType: String,   origination: String,   price: Number,   departureDate: String,   airlineName: String|}>

]]></types:shape>
    </types:type>
    <types:type name="auto_3a168865-95f3-4de7-88fc-2c23cae436cf_Input-Variables-deltaSoapResponsesToAllDestinations" format="xml">
      <types:shape format="weave" element="auto_3a168865-95f3-4de7-88fc-2c23cae436cf_Input-Variables-deltaSoapResponsesToAllDestinations" location="weave/autogenerated/3a168865-95f3-4de7-88fc-2c23cae436cf/Input-Variables-deltaSoapResponsesToAllDestinations.wev" autogeneratedOrigin="ce3203a9-f343-4926-9f87-a94a6c96e453"><![CDATA[%dw 2.0

type auto_3a168865_95f3_4de7_88fc_2c23cae436cf_Input_Variables_deltaSoapResponsesToAllDestinations = Any

]]></types:shape>
    </types:type>
    <types:type name="auto_3a168865-95f3-4de7-88fc-2c23cae436cf_Output-Payload" format="json">
      <types:shape format="weave" example="weave/autogenerated/3a168865-95f3-4de7-88fc-2c23cae436cf/Output-Payload.wev" autogeneratedOrigin="ce3203a9-f343-4926-9f87-a94a6c96e453"><![CDATA[%dw 2.0

type auto_3a168865_95f3_4de7_88fc_2c23cae436cf_Output_Payload = Any

]]></types:shape>
    </types:type>
    <types:type name="auto_3a168865-95f3-4de7-88fc-2c23cae436cf_Output-Attributes" format="java">
      <types:shape format="weave" example="weave/autogenerated/3a168865-95f3-4de7-88fc-2c23cae436cf/Output-Attributes.wev" autogeneratedOrigin="ce3203a9-f343-4926-9f87-a94a6c96e453"><![CDATA[%dw 2.0

type auto_3a168865_95f3_4de7_88fc_2c23cae436cf_Output_Attributes = org_mule_extension_http_api_HttpResponseAttributes | Null
type org_mule_extension_http_api_HttpResponseAttributes = {|
  statusCode: Number, 
  reasonPhrase: String, 
  headers: { _?: String }
|} {"typeAlias": "HttpResponseAttributes",
"typeId": "org.mule.extension.http.api.HttpResponseAttributes"}



]]></types:shape>
    </types:type>
    <types:type name="auto_3a168865-95f3-4de7-88fc-2c23cae436cf_Output-Variables-allDeltaFlights" format="json">
      <types:shape format="weave" example="weave/autogenerated/3a168865-95f3-4de7-88fc-2c23cae436cf/Output-Variables-allDeltaFlights.wev" autogeneratedOrigin="ce3203a9-f343-4926-9f87-a94a6c96e453"><![CDATA[%dw 2.0

type auto_3a168865_95f3_4de7_88fc_2c23cae436cf_Output_Variables_allDeltaFlights = Any

]]></types:shape>
    </types:type>
    <types:type name="auto_3a168865-95f3-4de7-88fc-2c23cae436cf_Output-Variables-allUnitedFlights" format="json">
      <types:shape format="weave" example="weave/autogenerated/3a168865-95f3-4de7-88fc-2c23cae436cf/Output-Variables-allUnitedFlights.wev" autogeneratedOrigin="ce3203a9-f343-4926-9f87-a94a6c96e453"><![CDATA[%dw 2.0

type auto_3a168865_95f3_4de7_88fc_2c23cae436cf_Output_Variables_allUnitedFlights = Any

]]></types:shape>
    </types:type>
    <types:type name="auto_3a168865-95f3-4de7-88fc-2c23cae436cf_Output-Variables-unitedRestResponseToAllDestinations" format="json">
      <types:shape format="weave" example="weave/autogenerated/3a168865-95f3-4de7-88fc-2c23cae436cf/Output-Variables-unitedRestResponseToAllDestinations.wev" autogeneratedOrigin="ce3203a9-f343-4926-9f87-a94a6c96e453"><![CDATA[%dw 2.0

type auto_3a168865_95f3_4de7_88fc_2c23cae436cf_Output_Variables_unitedRestResponseToAllDestinations = {|
  flights: Array<{|    code: String,     price: Number,     origin: String,     destination: String,     departureDate: String,     planeType: String,     airlineName: String,     emptySeats: Number  |}>
|}

]]></types:shape>
    </types:type>
    <types:type name="auto_3a168865-95f3-4de7-88fc-2c23cae436cf_Output-Variables-allAmericanFlights" format="json">
      <types:shape format="weave" example="weave/autogenerated/3a168865-95f3-4de7-88fc-2c23cae436cf/Output-Variables-allAmericanFlights.wev" autogeneratedOrigin="ce3203a9-f343-4926-9f87-a94a6c96e453"><![CDATA[%dw 2.0

type auto_3a168865_95f3_4de7_88fc_2c23cae436cf_Output_Variables_allAmericanFlights = Any

]]></types:shape>
    </types:type>
    <types:type name="auto_3a168865-95f3-4de7-88fc-2c23cae436cf_Output-Variables-allPdxFlights" format="json">
      <types:shape format="weave" example="weave/autogenerated/3a168865-95f3-4de7-88fc-2c23cae436cf/Output-Variables-allPdxFlights.wev" autogeneratedOrigin="ce3203a9-f343-4926-9f87-a94a6c96e453"><![CDATA[%dw 2.0

type auto_3a168865_95f3_4de7_88fc_2c23cae436cf_Output_Variables_allPdxFlights = Array<{|  flightCode: String,   availableSeats: Number,   destination: String,   planeType: String,   origination: String,   price: Number,   departureDate: String,   airlineName: String|}>

]]></types:shape>
    </types:type>
    <types:type name="auto_3a168865-95f3-4de7-88fc-2c23cae436cf_Output-Variables-allSfoFlights" format="json">
      <types:shape format="weave" example="weave/autogenerated/3a168865-95f3-4de7-88fc-2c23cae436cf/Output-Variables-allSfoFlights.wev" autogeneratedOrigin="ce3203a9-f343-4926-9f87-a94a6c96e453"><![CDATA[%dw 2.0

type auto_3a168865_95f3_4de7_88fc_2c23cae436cf_Output_Variables_allSfoFlights = Array<{|  flightCode: String,   availableSeats: Number,   destination: String,   planeType: String,   origination: String,   price: Number,   departureDate: String,   airlineName: String|}>

]]></types:shape>
    </types:type>
    <types:type name="auto_3a168865-95f3-4de7-88fc-2c23cae436cf_Output-Variables-americanRestResponsesToAllDestinations" format="json">
      <types:shape format="weave" example="weave/autogenerated/3a168865-95f3-4de7-88fc-2c23cae436cf/Output-Variables-americanRestResponsesToAllDestinations.wev" autogeneratedOrigin="ce3203a9-f343-4926-9f87-a94a6c96e453"><![CDATA[%dw 2.0

type auto_3a168865_95f3_4de7_88fc_2c23cae436cf_Output_Variables_americanRestResponsesToAllDestinations = Array<{|  ID: Number,   code: String,   price: Number,   departureDate: String,   origin: String,   destination: String,   emptySeats: Number,   plane: {|    "type": String,     totalSeats: Number  |}|}>

]]></types:shape>
    </types:type>
    <types:type name="auto_3a168865-95f3-4de7-88fc-2c23cae436cf_Output-Variables-allCleFlights" format="json">
      <types:shape format="weave" example="weave/autogenerated/3a168865-95f3-4de7-88fc-2c23cae436cf/Output-Variables-allCleFlights.wev" autogeneratedOrigin="ce3203a9-f343-4926-9f87-a94a6c96e453"><![CDATA[%dw 2.0

type auto_3a168865_95f3_4de7_88fc_2c23cae436cf_Output_Variables_allCleFlights = Array<{|  flightCode: String,   availableSeats: Number,   destination: String,   planeType: String,   origination: String,   price: Number,   departureDate: String,   airlineName: String|}>

]]></types:shape>
    </types:type>
    <types:type name="auto_3a168865-95f3-4de7-88fc-2c23cae436cf_Output-Variables-allLaxFlights" format="json">
      <types:shape format="weave" example="weave/autogenerated/3a168865-95f3-4de7-88fc-2c23cae436cf/Output-Variables-allLaxFlights.wev" autogeneratedOrigin="ce3203a9-f343-4926-9f87-a94a6c96e453"><![CDATA[%dw 2.0

type auto_3a168865_95f3_4de7_88fc_2c23cae436cf_Output_Variables_allLaxFlights = Array<{|  flightCode: String,   availableSeats: Number,   destination: String,   planeType: String,   origination: String,   price: Number,   departureDate: String,   airlineName: String|}>

]]></types:shape>
    </types:type>
    <types:type name="auto_3a168865-95f3-4de7-88fc-2c23cae436cf_Output-Variables-deltaSoapResponsesToAllDestinations" format="xml">
      <types:shape format="weave" element="auto_3a168865-95f3-4de7-88fc-2c23cae436cf_Output-Variables-deltaSoapResponsesToAllDestinations" location="weave/autogenerated/3a168865-95f3-4de7-88fc-2c23cae436cf/Output-Variables-deltaSoapResponsesToAllDestinations.wev" autogeneratedOrigin="ce3203a9-f343-4926-9f87-a94a6c96e453"><![CDATA[%dw 2.0

type auto_3a168865_95f3_4de7_88fc_2c23cae436cf_Output_Variables_deltaSoapResponsesToAllDestinations = Any

]]></types:shape>
    </types:type>
  </types:catalog>
  <types:enrichment select="#4af1a245-38d3-448e-8120-ad3727b3ab0d">
    <types:processor-declaration>
      <types:input-event>
        <types:message>
          <types:payload type="flightsWithDetails"/>
        </types:message>
      </types:input-event>
    </types:processor-declaration>
  </types:enrichment>
  <types:enrichment select="#4f9e9c9d-d0a3-4e87-8d99-862d0d06ffb1">
    <types:processor-declaration>
      <types:input-event>
        <types:message>
          <types:payload type="reservations"/>
          <types:attributes type="reservations"/>
        </types:message>
      </types:input-event>
    </types:processor-declaration>
  </types:enrichment>
  <types:enrichment select="#104fa5e4-0cca-49bf-b559-c2607146a8e3">
    <types:processor-declaration>
      <types:input-event>
        <types:message>
          <types:payload type="flightsWithDetails"/>
        </types:message>
      </types:input-event>
    </types:processor-declaration>
  </types:enrichment>
  <types:enrichment select="#64774847-0081-4c32-ac87-8670ef0a4023">
    <types:processor-declaration>
      <types:input-event>
        <types:message>
          <types:payload type="formattedReservations"/>
        </types:message>
        <types:variables>
          <types:variable name="formattedReservations" type="formattedReservations"/>
        </types:variables>
      </types:input-event>
    </types:processor-declaration>
  </types:enrichment>
  <types:enrichment select="#79adcc75-3db2-465e-8438-34626f3e0f41">
    <types:processor-declaration>
      <types:input-event>
        <types:message>
          <types:payload type="null"/>
        </types:message>
      </types:input-event>
    </types:processor-declaration>
  </types:enrichment>
  <types:enrichment select="#9c932a50-e48b-4a8b-af74-0dde5eb2e89c">
    <types:processor-declaration>
      <types:input-event>
        <types:message>
          <types:payload type="null"/>
        </types:message>
      </types:input-event>
    </types:processor-declaration>
  </types:enrichment>
  <types:enrichment select="#7bfb01bc-9752-46cb-92a1-e5e42fb3a6fe">
    <types:processor-declaration>
      <types:input-event>
        <types:message>
          <types:payload type="null"/>
        </types:message>
      </types:input-event>
    </types:processor-declaration>
  </types:enrichment>
  <types:enrichment select="#c822f31d-6c3d-4e0e-b2f4-f190992d1662">
    <types:processor-declaration>
      <types:input-event>
        <types:message>
          <types:payload type="destination"/>
        </types:message>
        <types:variables>
          <types:variable name="code" type="code"/>
        </types:variables>
      </types:input-event>
    </types:processor-declaration>
  </types:enrichment>
  <types:enrichment select="#52a80ed2-edb8-498f-b4c3-62f88b2d5d8e">
    <types:processor-declaration>
      <types:input-event>
        <types:message>
          <types:payload type="formattedReservations"/>
        </types:message>
      </types:input-event>
    </types:processor-declaration>
  </types:enrichment>
  <types:enrichment select="#6dbce821-9a28-4057-b26f-19ef7f134060">
    <types:processor-declaration>
      <types:input-event>
        <types:message>
          <types:payload type="reservations"/>
        </types:message>
      </types:input-event>
    </types:processor-declaration>
  </types:enrichment>
  <types:enrichment select="#3a168865-95f3-4de7-88fc-2c23cae436cf">
    <types:processor-declaration>
      <types:input-event>
        <types:message>
          <types:payload type="auto_3a168865-95f3-4de7-88fc-2c23cae436cf_Input-Payload"/>
          <types:attributes type="auto_3a168865-95f3-4de7-88fc-2c23cae436cf_Input-Attributes"/>
        </types:message>
        <types:variables>
          <types:variable name="allCleFlights" type="auto_3a168865-95f3-4de7-88fc-2c23cae436cf_Input-Variables-allCleFlights"/>
          <types:variable name="allDeltaFlights" type="auto_3a168865-95f3-4de7-88fc-2c23cae436cf_Input-Variables-allDeltaFlights"/>
          <types:variable name="allUnitedFlights" type="auto_3a168865-95f3-4de7-88fc-2c23cae436cf_Input-Variables-allUnitedFlights"/>
          <types:variable name="allLaxFlights" type="auto_3a168865-95f3-4de7-88fc-2c23cae436cf_Input-Variables-allLaxFlights"/>
          <types:variable name="unitedRestResponseToAllDestinations" type="auto_3a168865-95f3-4de7-88fc-2c23cae436cf_Input-Variables-unitedRestResponseToAllDestinations"/>
          <types:variable name="allAmericanFlights" type="auto_3a168865-95f3-4de7-88fc-2c23cae436cf_Input-Variables-allAmericanFlights"/>
          <types:variable name="allPdxFlights" type="auto_3a168865-95f3-4de7-88fc-2c23cae436cf_Input-Variables-allPdxFlights"/>
          <types:variable name="allSfoFlights" type="auto_3a168865-95f3-4de7-88fc-2c23cae436cf_Input-Variables-allSfoFlights"/>
          <types:variable name="deltaSoapResponsesToAllDestinations" type="auto_3a168865-95f3-4de7-88fc-2c23cae436cf_Input-Variables-deltaSoapResponsesToAllDestinations"/>
          <types:variable name="americanRestResponsesToAllDestinations" type="auto_3a168865-95f3-4de7-88fc-2c23cae436cf_Input-Variables-americanRestResponsesToAllDestinations"/>
        </types:variables>
      </types:input-event>
      <types:output-event>
        <types:message>
          <types:payload type="auto_3a168865-95f3-4de7-88fc-2c23cae436cf_Output-Payload"/>
          <types:attributes type="auto_3a168865-95f3-4de7-88fc-2c23cae436cf_Output-Attributes"/>
        </types:message>
        <types:variables>
          <types:variable name="allCleFlights" type="auto_3a168865-95f3-4de7-88fc-2c23cae436cf_Output-Variables-allCleFlights"/>
          <types:variable name="allDeltaFlights" type="auto_3a168865-95f3-4de7-88fc-2c23cae436cf_Output-Variables-allDeltaFlights"/>
          <types:variable name="allUnitedFlights" type="auto_3a168865-95f3-4de7-88fc-2c23cae436cf_Output-Variables-allUnitedFlights"/>
          <types:variable name="allLaxFlights" type="auto_3a168865-95f3-4de7-88fc-2c23cae436cf_Output-Variables-allLaxFlights"/>
          <types:variable name="unitedRestResponseToAllDestinations" type="auto_3a168865-95f3-4de7-88fc-2c23cae436cf_Output-Variables-unitedRestResponseToAllDestinations"/>
          <types:variable name="allAmericanFlights" type="auto_3a168865-95f3-4de7-88fc-2c23cae436cf_Output-Variables-allAmericanFlights"/>
          <types:variable name="allPdxFlights" type="auto_3a168865-95f3-4de7-88fc-2c23cae436cf_Output-Variables-allPdxFlights"/>
          <types:variable name="allSfoFlights" type="auto_3a168865-95f3-4de7-88fc-2c23cae436cf_Output-Variables-allSfoFlights"/>
          <types:variable name="deltaSoapResponsesToAllDestinations" type="auto_3a168865-95f3-4de7-88fc-2c23cae436cf_Output-Variables-deltaSoapResponsesToAllDestinations"/>
          <types:variable name="americanRestResponsesToAllDestinations" type="auto_3a168865-95f3-4de7-88fc-2c23cae436cf_Output-Variables-americanRestResponsesToAllDestinations"/>
        </types:variables>
      </types:output-event>
    </types:processor-declaration>
  </types:enrichment>
</types:mule>