{
  "flights": [
    {
      "price": 420.0,
      "flightCode": "A1B34S",
      "availableSeats": 50,
      "planeType": "BOEING 707",
      "departureDate": "Jun 11, 2018",
      "origination": "MUA",
      "airlineName": "Delta",
      "destination": "CLE"
    },
    {
      "price": 736.0,
      "flightCode": "A1ASD4",
      "availableSeats": 40,
      "planeType": "BOEING 757",
      "departureDate": "Sep 11, 2017",
      "origination": "MUA",
      "airlineName": "Delta",
      "destination": "CLE"
    },
    {
      "price": 308.0,
      "flightCode": "A12342",
      "availableSeats": 17,
      "planeType": "BOEING 727",
      "departureDate": "Jul 11, 2018",
      "origination": "MUA",
      "airlineName": "Delta",
      "destination": "CLE"
    },
    {
      "price": 1308.0,
      "flightCode": "A14444",
      "availableSeats": 0,
      "planeType": "BOEING 777",
      "departureDate": "Sep 21, 2017",
      "origination": "MUA",
      "airlineName": "Delta",
      "destination": "CLE"
    },
    {
      "price": 200.0,
      "flightCode": "rree1000",
      "availableSeats": 5,
      "planeType": "Boeing 737",
      "departureDate": "2018-01-20T00:00:00",
      "origination": "MUA",
      "airlineName": "american",
      "destination": "CLE"
    },
    {
      "price": 300.0,
      "flightCode": "eefd0123",
      "availableSeats": 7,
      "planeType": "Boeing 747",
      "departureDate": "2018-01-25T00:00:00",
      "origination": "MUA",
      "airlineName": "american",
      "destination": "CLE"
    },
    {
      "price": 954.0,
      "flightCode": "ffee1112",
      "availableSeats": 100,
      "planeType": "Boeing 787",
      "departureDate": "2018-01-20T00:00:00",
      "origination": "MUA",
      "airlineName": "american",
      "destination": "CLE"
    },
    {
      "airlineName": "United",
      "availableSeats": 32,
      "departureDate": "2018/07/11",
      "destination": "CLE",
      "flightCode": "ER9fje",
      "origination": "MUA",
      "planeType": "Boeing 727",
      "price": 845
    },
    {
      "airlineName": "United",
      "availableSeats": 13,
      "departureDate": "2018/08/11",
      "destination": "CLE",
      "flightCode": "ER3kfd",
      "origination": "MUA",
      "planeType": "Boeing 747",
      "price": 245
    }
  ]
}